Policy ID,Policy title,Current version,Effective date,Last reviewed date,Next review date,Policy owner,Public website URL,Repository source file,Source commit,DOCX filename,PDF filename,Status,Supersedes,Notes
,Safeguarding Policy,1.2,08/09/2025,,,,https://www.thementorsphere.co.uk/safeguarding-policy/,docs/safeguarding-policy/index.html,24266488ce402ab67e482e55f9101b0463489e4b,Safeguarding_Policy_V1.2.docx,Safeguarding_Policy_V1.2.pdf,Current,,"No explicit reviewed date, next review date or policy owner is stated in the approved source."
,Privacy Policy,1.4,28/07/2026,,,"Luke Turner, Founder of The MentorSphere",https://www.thementorsphere.co.uk/privacy-policy/,docs/privacy-policy/index.html,24266488ce402ab67e482e55f9101b0463489e4b,Privacy_Policy_V1.4.docx,Privacy_Policy_V1.4.pdf,Superseded,,Superseded by published Privacy V1.5. Original V1.4 files and source snapshot retained at their existing paths.
,ADHD Coaching Policy,1.3,28/07/2026,,27/07/2027,"Luke Turner, Founder of The MentorSphere",https://www.thementorsphere.co.uk/adhd-coaching-policy/,docs/adhd-coaching-policy/index.html,24266488ce402ab67e482e55f9101b0463489e4b,ADHD_Coaching_Policy_V1.3.docx,ADHD_Coaching_Policy_V1.3.pdf,Superseded,,Superseded by published ADHD Coaching Policy V1.4. Original V1.3 files and source snapshot retained.
,"SEND, SEMH and Neurodiversity Policy",1.1,25/05/2025,28/07/2026,28/07/2027,Luke Turner,https://www.thementorsphere.co.uk/send-neurodiversity-policy/,docs/send-neurodiversity-policy/index.html,24266488ce402ab67e482e55f9101b0463489e4b,SEND_SEMH_and_Neurodiversity_Policy_V1.1.docx,SEND_SEMH_and_Neurodiversity_Policy_V1.1.pdf,Current,,Policy owner is stated in section 8 rather than in the policy-control block.
,Technical Requirements and Troubleshooting,1.1,12/05/2025,28/07/2026,28/07/2027,,https://www.thementorsphere.co.uk/technical-requirements/,docs/technical-requirements/index.html,24266488ce402ab67e482e55f9101b0463489e4b,Technical_Requirements_and_Troubleshooting_V1.1.docx,Technical_Requirements_and_Troubleshooting_V1.1.pdf,Current,,No explicit policy owner is stated in the approved source.
,Cover Tutor and Temporary Staff Policy,1.0,14/07/2025,28/07/2026,28/07/2027,,https://www.thementorsphere.co.uk/cover-tutor-policy/,docs/cover-tutor-policy/index.html,24266488ce402ab67e482e55f9101b0463489e4b,Cover_Tutor_and_Temporary_Staff_Policy_V1.0.docx,Cover_Tutor_and_Temporary_Staff_Policy_V1.0.pdf,Current,,No explicit policy owner is stated in the approved source.
,Pricing Plan,3.1,,,,,https://www.thementorsphere.co.uk/pricing/,docs/pricing/index.html,24266488ce402ab67e482e55f9101b0463489e4b,Pricing_Plan_V3.1.docx,Pricing_Plan_V3.1.pdf,Current,,"The policy directory identifies this as Version 3.1 and dates the published pricing plan 11 August 2025. No explicit effective date, reviewed date, next review date or policy owner is stated."
,PAYG and Subscription Terms,,,,,,https://www.thementorsphere.co.uk/pricing/#terms,docs/pricing/index.html,24266488ce402ab67e482e55f9101b0463489e4b,PAYG_and_Subscription_Terms.docx,PAYG_and_Subscription_Terms.pdf,Current,,"The policy directory labels these as 'Terms under review'. No version number, effective date, reviewed date, next review date or policy owner is stated."
,Privacy Policy,1.5,31/07/2026,,,"Luke Turner, Founder of The MentorSphere",https://www.thementorsphere.co.uk/privacy-policy/,docs/privacy-policy/index.html,6f51eba53656d7e2ce6a6ee6bded84e10dccd7af,Privacy_Policy_V1.5.docx,Privacy_Policy_V1.5.pdf,Superseded,1.4,Superseded by published Privacy Policy V1.6. Original V1.5 approved source retained in separate archive; see README.
,Privacy Policy,1.6,25/09/2026,,,"Luke Turner, Founder of The MentorSphere",https://www.thementorsphere.co.uk/privacy-policy/,docs/privacy-policy/index.html,bd018f213a0d3632245efc4951bf5256202ca767,Privacy_Policy_V1.6.docx,Privacy_Policy_V1.6.pdf,Superseded,1.5,"Owner approved 26 September 2026. Effective 25 September 2026. Published via PR #62; local current copies match the release. Superseded by Privacy Policy V1.7, effective and published 30 September 2026 (production merge commit 2a843db8231ec923e1161f37b524c59f89fa0874). Original V1.6 files and source snapshot retained at their existing paths."
,ADHD Coaching Policy,1.4,25/09/2026,,27/07/2027,"Luke Turner, Founder of The MentorSphere",https://www.thementorsphere.co.uk/adhd-coaching-policy/,docs/adhd-coaching-policy/index.html,bd018f213a0d3632245efc4951bf5256202ca767,ADHD_Coaching_Policy_V1.4.docx,ADHD_Coaching_Policy_V1.4.pdf,Superseded,1.3,"Owner approved 26 September 2026. Effective 25 September 2026. Existing fees, transition dates and next review date retained. Published via PR #62. Superseded by ADHD Coaching Policy V1.5, effective and published 30 September 2026 (production merge commit 2a843db8231ec923e1161f37b524c59f89fa0874). Original V1.4 files and source snapshot retained at their existing paths."
,Privacy Policy,1.7,30/09/2026,,,"Luke Turner, Founder of The MentorSphere",https://www.thementorsphere.co.uk/privacy-policy/,docs/privacy-policy/index.html,2a843db8231ec923e1161f37b524c59f89fa0874,Privacy_Policy_V1.7.docx,Privacy_Policy_V1.7.pdf,Superseded,1.6,"Owner approval in principle 29 September 2026. Adopted by the owner with effect from 30 September 2026. Adds consent-based Google Ads conversion measurement (section 13). Published on the live website 30 September 2026 via PR #64, production merge commit 2a843db8231ec923e1161f37b524c59f89fa0874 (Cloudflare production version 3d9df20e-5391-4344-896b-5a0f0502a766). Supersedes V1.6. See PRIVACY_V1.7_ADHD_V1.5_DOCUMENT_CONTROL.md. Superseded on adoption by V1.8, effective 3 October 2026; V1.8 is live, confirmed by the owner in the Phase 8 brief on 3 October 2026."
,ADHD Coaching Policy,1.5,30/09/2026,,27/07/2027,"Luke Turner, Founder of The MentorSphere",https://www.thementorsphere.co.uk/adhd-coaching-policy/,docs/adhd-coaching-policy/index.html,2a843db8231ec923e1161f37b524c59f89fa0874,ADHD_Coaching_Policy_V1.5.docx,ADHD_Coaching_Policy_V1.5.pdf,Current,1.4,"Owner approval in principle 29 September 2026. Adopted by the owner with effect from 30 September 2026. Administrative update only: the intake paragraph refers to the current Privacy Policy. No service terms changed. Published on the live website 30 September 2026 via PR #64, production merge commit 2a843db8231ec923e1161f37b524c59f89fa0874 (Cloudflare production version 3d9df20e-5391-4344-896b-5a0f0502a766). Supersedes V1.4."
,Privacy Policy,1.8,03/10/2026,,,"Luke Turner, Founder of The MentorSphere",https://www.thementorsphere.co.uk/privacy-policy/,docs/privacy-policy/index.html,7535d62917d60e1dff7c94369919f8c079fa3eb4 (base; branch google-ads-conversion-hardening),Privacy_Policy_V1.8.docx,Privacy_Policy_V1.8.pdf,Superseded; still published,1.7,"Adopted/effective 3 October 2026. V1.8 is live, confirmed by the owner in the Phase 8 brief; exact deployment details not supplied. Superseded on adoption by V1.9; remains published until V1.9 deployment. Clarifies consented page/service context versus individual information supplied through forms. See PRIVACY_V1.8_DOCUMENT_CONTROL.md."
,Privacy Policy,1.9,03/10/2026,,,"Luke Turner, Founder of The MentorSphere",https://www.thementorsphere.co.uk/privacy-policy/,docs/privacy-policy/index.html,9546ee214fbf942d4de058b3594dbd34a0d4f148 (base; branch codex/adult-adhd-phase5),Privacy_Policy_V1.9.docx,Privacy_Policy_V1.9.pdf,Adopted; publication pending,1.8,Adopted/effective 3 October 2026 under the Phase 8 brief. Publication pending. Explicit two-page advertising scope and narrow consent renewal; adult measurement remains off. See PRIVACY_V1.9_DOCUMENT_CONTROL.md.
